ovf,ovf,Sat Jun 29 11:08:14 2019
15956598,15334130,Sat Jun 29 11:08:15 2019
15938286,15316750,Sat Jun 29 11:08:16 2019
15938286,15316750,Sat Jun 29 11:08:17 2019
15938286,15316750,Sat Jun 29 11:08:18 2019
15938286,15317220,Sat Jun 29 11:08:19 2019
15938286,15317220,Sat Jun 29 11:08:20 2019
15938286,15316750,Sat Jun 29 11:08:21 2019
15938286,15317220,Sat Jun 29 11:08:22 2019
15937778,15316750,Sat Jun 29 11:08:23 2019
15937778,15316750,Sat Jun 29 11:08:24 2019
15937778,15317220,Sat Jun 29 11:08:25 2019
15937778,15316750,Sat Jun 29 11:08:26 2019
15937270,15316750,Sat Jun 29 11:08:27 2019
15937778,15317220,Sat Jun 29 11:08:28 2019
15937778,15317220,Sat Jun 29 11:08:29 2019
15937778,15317220,Sat Jun 29 11:08:30 2019
15937270,15317220,Sat Jun 29 11:08:31 2019
15937778,15317688,Sat Jun 29 11:08:32 2019
15937778,15317220,Sat Jun 29 11:08:33 2019
15938286,15317688,Sat Jun 29 11:08:34 2019
15937778,15317688,Sat Jun 29 11:08:35 2019
15938286,15318158,Sat Jun 29 11:08:36 2019
15937778,15317688,Sat Jun 29 11:08:37 2019
15937778,15317688,Sat Jun 29 11:08:38 2019
15937270,15317688,Sat Jun 29 11:08:39 2019
15937778,15317688,Sat Jun 29 11:08:40 2019
15937778,15317688,Sat Jun 29 11:08:41 2019
15938286,15318628,Sat Jun 29 11:08:42 2019
15938286,15318628,Sat Jun 29 11:08:43 2019
15937778,15318158,Sat Jun 29 11:08:44 2019
15938286,15318628,Sat Jun 29 11:08:45 2019
15938286,15318628,Sat Jun 29 11:08:46 2019
15937778,15318158,Sat Jun 29 11:08:47 2019
15938286,15318628,Sat Jun 29 11:08:48 2019
15937270,15318158,Sat Jun 29 11:08:49 2019
15937778,15318158,Sat Jun 29 11:08:50 2019
15937778,15318628,Sat Jun 29 11:08:51 2019
15937270,15318158,Sat Jun 29 11:08:52 2019
15937270,15318158,Sat Jun 29 11:08:53 2019
15937270,15318628,Sat Jun 29 11:08:54 2019
15937270,15318628,Sat Jun 29 11:08:55 2019
15937778,15318628,Sat Jun 29 11:08:56 2019
15937778,15318628,Sat Jun 29 11:08:57 2019
15937778,15318628,Sat Jun 29 11:08:58 2019
15937270,15318628,Sat Jun 29 11:08:59 2019
15937270,15318628,Sat Jun 29 11:09:00 2019
15937270,15318628,Sat Jun 29 11:09:01 2019
15937270,15319096,Sat Jun 29 11:09:02 2019
15937778,15319096,Sat Jun 29 11:09:03 2019
15937778,15319096,Sat Jun 29 11:09:04 2019
15937270,15319096,Sat Jun 29 11:09:05 2019
15937778,15319566,Sat Jun 29 11:09:06 2019
15937778,15319566,Sat Jun 29 11:09:07 2019
15937270,15319566,Sat Jun 29 11:09:08 2019
15937778,15320036,Sat Jun 29 11:09:09 2019
15937270,15319566,Sat Jun 29 11:09:10 2019
15937270,15319566,Sat Jun 29 11:09:11 2019
15937270,15319566,Sat Jun 29 11:09:12 2019
15937270,15319566,Sat Jun 29 11:09:13 2019
15937270,15320036,Sat Jun 29 11:09:14 2019
15937270,15319566,Sat Jun 29 11:09:15 2019
15937270,15320036,Sat Jun 29 11:09:16 2019
