2,18852984,8255047,-0.0809,0.00005,Mon Jul 29 18:16:12 2019
3,18826718,8237096,-0.0809,0.00005,Mon Jul 29 18:16:13 2019
4,18829554,8231401,-0.0809,0.00005,Mon Jul 29 18:16:14 2019
5,18829554,8230994,-0.0809,0.00005,Mon Jul 29 18:16:15 2019
6,18828844,8230317,-0.0809,0.00005,Mon Jul 29 18:16:16 2019
7,18828844,8229775,-0.0809,0.00005,Mon Jul 29 18:16:17 2019
8,18829554,8229639,-0.0809,0.00005,Mon Jul 29 18:16:18 2019
9,18830264,8229639,-0.0809,0.00005,Mon Jul 29 18:16:19 2019
10,18830972,8229368,-0.0809,0.00005,Mon Jul 29 18:16:20 2019
11,18827428,8227473,-0.0809,0.00005,Mon Jul 29 18:16:21 2019
12,18828844,8227608,-0.0809,0.00005,Mon Jul 29 18:16:22 2019
13,18827428,8226931,-0.0809,0.00005,Mon Jul 29 18:16:23 2019
14,18828136,8226390,-0.0809,0.00005,Mon Jul 29 18:16:24 2019
15,18828844,8226254,-0.0809,0.00005,Mon Jul 29 18:16:25 2019
16,18829554,8226119,-0.0809,0.00005,Mon Jul 29 18:16:26 2019
17,18828844,8225713,-0.0809,0.00005,Mon Jul 29 18:16:27 2019
18,18829554,8225713,-0.0809,0.00005,Mon Jul 29 18:16:28 2019
19,18830264,8225442,-0.0809,0.00005,Mon Jul 29 18:16:29 2019
20,18829554,8225307,-0.0809,0.00005,Mon Jul 29 18:16:30 2019
21,18829554,8225172,-0.0809,0.00005,Mon Jul 29 18:16:31 2019
22,18828844,8224766,-0.0809,0.00005,Mon Jul 29 18:16:32 2019
23,18828844,8224901,-0.0809,0.00005,Mon Jul 29 18:16:33 2019
24,18828136,8224360,-0.0809,0.00005,Mon Jul 29 18:16:34 2019
25,18828136,8224360,-0.0809,0.00005,Mon Jul 29 18:16:35 2019
26,18826718,8223954,-0.0809,0.00005,Mon Jul 29 18:16:36 2019
27,18826718,8223684,-0.0809,0.00005,Mon Jul 29 18:16:37 2019
28,18826718,8223548,-0.0809,0.00005,Mon Jul 29 18:16:38 2019
29,18827428,8223819,-0.0809,0.00005,Mon Jul 29 18:16:39 2019
30,18828136,8223819,-0.0809,0.00005,Mon Jul 29 18:16:40 2019
31,18827428,8223413,-0.0809,0.00005,Mon Jul 29 18:16:41 2019
2,18813968,8910114,-0.0613,0.00005,Mon Jul 29 18:14:23 2019
3,18784988,8899172,-0.0613,0.00005,Mon Jul 29 18:14:24 2019
4,18772996,8922676,-0.0613,0.00005,Mon Jul 29 18:14:25 2019
5,18775816,8916630,-0.0613,0.00005,Mon Jul 29 18:14:26 2019
6,18766656,8934314,-0.0613,0.00005,Mon Jul 29 18:14:27 2019
7,18764542,8938308,-0.0613,0.00005,Mon Jul 29 18:14:28 2019
8,18768064,8930804,-0.0613,0.00005,Mon Jul 29 18:14:29 2019
9,18766656,8934634,-0.0613,0.00005,Mon Jul 29 18:14:30 2019
10,18769472,8926022,-0.0613,0.00005,Mon Jul 29 18:14:31 2019
11,18772292,8912498,-0.0613,0.00005,Mon Jul 29 18:14:32 2019
12,18770176,8916948,-0.0613,0.00005,Mon Jul 29 18:14:33 2019
13,18758910,8940706,-0.0613,0.00005,Mon Jul 29 18:14:34 2019
14,18763134,8931442,-0.0613,0.00005,Mon Jul 29 18:14:35 2019
15,18762430,8933516,-0.0613,0.00005,Mon Jul 29 18:14:36 2019
16,18758910,8939426,-0.0613,0.00005,Mon Jul 29 18:14:37 2019
17,18761726,8934474,-0.0613,0.00005,Mon Jul 29 18:14:38 2019
18,18772996,8910274,-0.0613,0.00005,Mon Jul 29 18:14:39 2019
19,18765246,8923314,-0.0613,0.00005,Mon Jul 29 18:14:40 2019
20,18769472,8914244,-0.0613,0.00005,Mon Jul 29 18:14:41 2019
21,18771588,8907258,-0.0613,0.00005,Mon Jul 29 18:14:42 2019
22,18770176,8910274,-0.0613,0.00005,Mon Jul 29 18:14:43 2019
23,18770882,8909004,-0.0613,0.00005,Mon Jul 29 18:14:44 2019
24,18770176,8906622,-0.0613,0.00005,Mon Jul 29 18:14:45 2019
25,18768064,8910274,-0.0613,0.00005,Mon Jul 29 18:14:46 2019
26,18765952,8912974,-0.0613,0.00005,Mon Jul 29 18:14:47 2019
27,18765246,8915994,-0.0613,0.00005,Mon Jul 29 18:14:48 2019
28,18762430,8920606,-0.0613,0.00005,Mon Jul 29 18:14:49 2019
29,18762430,8922358,-0.0613,0.00005,Mon Jul 29 18:14:50 2019
30,18762430,8921402,-0.0613,0.00005,Mon Jul 29 18:14:51 2019
31,18760318,8924746,-0.0613,0.00005,Mon Jul 29 18:14:52 2019
2,18742034,9972674,-0.0406,0.00005,Mon Jul 29 18:12:25 2019
3,18713976,9959366,-0.0406,0.00005,Mon Jul 29 18:12:26 2019
4,18714676,9960160,-0.0406,0.00005,Mon Jul 29 18:12:27 2019
5,18713976,9960556,-0.0406,0.00005,Mon Jul 29 18:12:28 2019
6,18711174,9968698,-0.0406,0.00005,Mon Jul 29 18:12:29 2019
7,18703476,9986818,-0.0406,0.00005,Mon Jul 29 18:12:30 2019
8,18697880,9999200,-0.0406,0.00005,Mon Jul 29 18:12:31 2019
9,18699278,9994204,-0.0406,0.00005,Mon Jul 29 18:12:32 2019
10,18697180,9998400,-0.0406,0.00005,Mon Jul 29 18:12:33 2019
11,18691588,10007806,-0.0406,0.00005,Mon Jul 29 18:12:34 2019
12,18685302,10015624,-0.0406,0.00005,Mon Jul 29 18:12:35 2019
13,18681812,10023054,-0.0406,0.00005,Mon Jul 29 18:12:36 2019
14,18689492,10005402,-0.0406,0.00005,Mon Jul 29 18:12:37 2019
15,18688794,10005804,-0.0406,0.00005,Mon Jul 29 18:12:38 2019
16,18682508,10021246,-0.0406,0.00005,Mon Jul 29 18:12:39 2019
17,18686698,10011814,-0.0406,0.00005,Mon Jul 29 18:12:40 2019
18,18687396,10008808,-0.0406,0.00005,Mon Jul 29 18:12:41 2019
19,18692288,9998600,-0.0406,0.00005,Mon Jul 29 18:12:42 2019
20,18697180,9991208,-0.0406,0.00005,Mon Jul 29 18:12:43 2019
21,18698578,9987016,-0.0406,0.00005,Mon Jul 29 18:12:44 2019
22,18697880,9987416,-0.0406,0.00005,Mon Jul 29 18:12:45 2019
23,18695084,10003402,-0.0406,0.00005,Mon Jul 29 18:12:46 2019
24,18685302,10027676,-0.0406,0.00005,Mon Jul 29 18:12:47 2019
25,18690192,10013820,-0.0406,0.00005,Mon Jul 29 18:12:48 2019
26,18690192,10016226,-0.0406,0.00005,Mon Jul 29 18:12:49 2019
27,18690890,10012416,-0.0406,0.00005,Mon Jul 29 18:12:50 2019
28,18687396,10007206,-0.0406,0.00005,Mon Jul 29 18:12:51 2019
29,18682508,10018634,-0.0406,0.00005,Mon Jul 29 18:12:52 2019
30,18697180,9980836,-0.0406,0.00005,Mon Jul 29 18:12:53 2019
31,18699976,9980240,-0.0406,0.00005,Mon Jul 29 18:12:54 2019
2,18646280,11066108,-0.0321,0.00005,Mon Jul 29 18:10:38 2019
3,18621280,11051922,-0.0321,0.00005,Mon Jul 29 18:10:39 2019
4,18619892,11052900,-0.0321,0.00005,Mon Jul 29 18:10:40 2019
5,18619892,11053144,-0.0321,0.00005,Mon Jul 29 18:10:41 2019
6,18619200,11052900,-0.0321,0.00005,Mon Jul 29 18:10:42 2019
7,18619200,11052166,-0.0321,0.00005,Mon Jul 29 18:10:43 2019
8,18619200,11051434,-0.0321,0.00005,Mon Jul 29 18:10:44 2019
9,18619892,11051678,-0.0321,0.00005,Mon Jul 29 18:10:45 2019
10,18619892,11051434,-0.0321,0.00005,Mon Jul 29 18:10:46 2019
11,18617120,11049968,-0.0321,0.00005,Mon Jul 29 18:10:47 2019
12,18617120,11050456,-0.0321,0.00005,Mon Jul 29 18:10:48 2019
13,18617120,11051190,-0.0321,0.00005,Mon Jul 29 18:10:49 2019
14,18616428,11050944,-0.0321,0.00005,Mon Jul 29 18:10:50 2019
15,18617120,11051190,-0.0321,0.00005,Mon Jul 29 18:10:51 2019
16,18616428,11049724,-0.0321,0.00005,Mon Jul 29 18:10:52 2019
17,18616428,11049236,-0.0321,0.00005,Mon Jul 29 18:10:53 2019
18,18616428,11049236,-0.0321,0.00005,Mon Jul 29 18:10:54 2019
19,18617120,11048748,-0.0321,0.00005,Mon Jul 29 18:10:55 2019
20,18617120,11048258,-0.0321,0.00005,Mon Jul 29 18:10:56 2019
21,18617120,11047282,-0.0321,0.00005,Mon Jul 29 18:10:57 2019
22,18616428,11046306,-0.0321,0.00005,Mon Jul 29 18:10:58 2019
23,18615734,11045818,-0.0321,0.00005,Mon Jul 29 18:10:59 2019
24,18616428,11045330,-0.0321,0.00005,Mon Jul 29 18:11:00 2019
25,18616428,11044842,-0.0321,0.00005,Mon Jul 29 18:11:01 2019
26,18615734,11044354,-0.0321,0.00005,Mon Jul 29 18:11:02 2019
27,18615734,11043378,-0.0321,0.00005,Mon Jul 29 18:11:03 2019
28,18615734,11042890,-0.0321,0.00005,Mon Jul 29 18:11:04 2019
29,18615734,11042158,-0.0321,0.00005,Mon Jul 29 18:11:05 2019
30,18615040,11041184,-0.0321,0.00005,Mon Jul 29 18:11:06 2019
31,18615040,11040940,-0.0321,0.00005,Mon Jul 29 18:11:07 2019
2,18781458,13519726,-0.02048,0.00005,Mon Jul 29 18:08:22 2019
3,18762430,13509132,-0.02048,0.00005,Mon Jul 29 18:08:23 2019
4,18754688,13494912,-0.02048,0.00005,Mon Jul 29 18:08:24 2019
5,18751172,13490180,-0.02048,0.00005,Mon Jul 29 18:08:25 2019
6,18753984,13494548,-0.02048,0.00005,Mon Jul 29 18:08:26 2019
7,18746250,13482540,-0.02048,0.00005,Mon Jul 29 18:08:27 2019
8,18758206,13500742,-0.02048,0.00005,Mon Jul 29 18:08:28 2019
9,18761022,13506578,-0.02048,0.00005,Mon Jul 29 18:08:29 2019
10,18748360,13486540,-0.02048,0.00005,Mon Jul 29 18:08:30 2019
11,18750468,13489452,-0.02048,0.00005,Mon Jul 29 18:08:31 2019
12,18758910,13503294,-0.02048,0.00005,Mon Jul 29 18:08:32 2019
13,18742736,13476000,-0.02048,0.00005,Mon Jul 29 18:08:33 2019
14,18746952,13482904,-0.02048,0.00005,Mon Jul 29 18:08:34 2019
15,18745548,13480722,-0.02048,0.00005,Mon Jul 29 18:08:35 2019
16,18747656,13482176,-0.02048,0.00005,Mon Jul 29 18:08:36 2019
17,18746952,13481086,-0.02048,0.00005,Mon Jul 29 18:08:37 2019
18,18718880,13434720,-0.02048,0.00005,Mon Jul 29 18:08:38 2019
19,18730800,13453518,-0.02048,0.00005,Mon Jul 29 18:08:39 2019
20,18751876,13487632,-0.02048,0.00005,Mon Jul 29 18:08:40 2019
21,18760318,13500378,-0.02048,0.00005,Mon Jul 29 18:08:41 2019
22,18761022,13500742,-0.02048,0.00005,Mon Jul 29 18:08:42 2019
23,18758910,13498192,-0.02048,0.00005,Mon Jul 29 18:08:43 2019
24,18757504,13494548,-0.02048,0.00005,Mon Jul 29 18:08:44 2019
25,18742736,13471280,-0.02048,0.00005,Mon Jul 29 18:08:45 2019
26,18753984,13489816,-0.02048,0.00005,Mon Jul 29 18:08:46 2019
27,18759614,13500742,-0.02048,0.00005,Mon Jul 29 18:08:47 2019
28,18748360,13482540,-0.02048,0.00005,Mon Jul 29 18:08:48 2019
29,18754688,13493820,-0.02048,0.00005,Mon Jul 29 18:08:49 2019
30,18760318,13504388,-0.02048,0.00005,Mon Jul 29 18:08:50 2019
31,18760318,13505484,-0.02048,0.00005,Mon Jul 29 18:08:51 2019
2,18572860,14847370,-0.01032,0.00005,Mon Jul 29 18:04:37 2019
3,18562518,14846928,-0.01032,0.00005,Mon Jul 29 18:04:38 2019
4,18546680,14827556,-0.01032,0.00005,Mon Jul 29 18:04:39 2019
5,18551498,14834154,-0.01032,0.00005,Mon Jul 29 18:04:40 2019
6,18534308,14812182,-0.01032,0.00005,Mon Jul 29 18:04:41 2019
7,18521262,14795526,-0.01032,0.00005,Mon Jul 29 18:04:42 2019
8,18539804,14821402,-0.01032,0.00005,Mon Jul 29 18:04:43 2019
9,18520576,14796402,-0.01032,0.00005,Mon Jul 29 18:04:44 2019
10,18552188,14840758,-0.01032,0.00005,Mon Jul 29 18:04:45 2019
11,18539116,14823600,-0.01032,0.00005,Mon Jul 29 18:04:46 2019
12,18541180,14826676,-0.01032,0.00005,Mon Jul 29 18:04:47 2019
13,18543930,14831074,-0.01032,0.00005,Mon Jul 29 18:04:48 2019
14,18535680,14821842,-0.01032,0.00005,Mon Jul 29 18:04:49 2019
15,18517146,14797716,-0.01032,0.00005,Mon Jul 29 18:04:50 2019
16,18514404,14792900,-0.01032,0.00005,Mon Jul 29 18:04:51 2019
17,18552188,14844724,-0.01032,0.00005,Mon Jul 29 18:04:52 2019
18,18528124,14813060,-0.01032,0.00005,Mon Jul 29 18:04:53 2019
19,18538430,14827556,-0.01032,0.00005,Mon Jul 29 18:04:54 2019
20,18514404,14793338,-0.01032,0.00005,Mon Jul 29 18:04:55 2019
21,18521948,14803850,-0.01032,0.00005,Mon Jul 29 18:04:56 2019
22,18530184,14813936,-0.01032,0.00005,Mon Jul 29 18:04:57 2019
23,18532246,14816570,-0.01032,0.00005,Mon Jul 29 18:04:58 2019
24,18548058,14838556,-0.01032,0.00005,Mon Jul 29 18:04:59 2019
25,18530872,14816132,-0.01032,0.00005,Mon Jul 29 18:05:00 2019
26,18534994,14821842,-0.01032,0.00005,Mon Jul 29 18:05:01 2019
27,18507552,14784588,-0.01032,0.00005,Mon Jul 29 18:05:02 2019
28,18528124,14813060,-0.01032,0.00005,Mon Jul 29 18:05:03 2019
29,18493176,14764942,-0.01032,0.00005,Mon Jul 29 18:05:04 2019
30,18497280,14770612,-0.01032,0.00005,Mon Jul 29 18:05:05 2019
31,18530872,14816132,-0.01032,0.00005,Mon Jul 29 18:05:06 2019
2,19049070,16136320,-0.0051,0.00005,Mon Jul 29 18:02:51 2019
3,19027324,16121752,-0.0051,0.00005,Mon Jul 29 18:02:52 2019
4,19026600,16126432,-0.0051,0.00005,Mon Jul 29 18:02:53 2019
5,19025876,16127992,-0.0051,0.00005,Mon Jul 29 18:02:54 2019
6,19024428,16129032,-0.0051,0.00005,Mon Jul 29 18:02:55 2019
7,19022980,16132154,-0.0051,0.00005,Mon Jul 29 18:02:56 2019
8,19022980,16134236,-0.0051,0.00005,Mon Jul 29 18:02:57 2019
9,19020808,16134236,-0.0051,0.00005,Mon Jul 29 18:02:58 2019
10,19020808,16134758,-0.0051,0.00005,Mon Jul 29 18:02:59 2019
11,19019360,16133196,-0.0051,0.00005,Mon Jul 29 18:03:00 2019
12,19020808,16135798,-0.0051,0.00005,Mon Jul 29 18:03:01 2019
13,19019360,16137882,-0.0051,0.00005,Mon Jul 29 18:03:02 2019
14,19017914,16141528,-0.0051,0.00005,Mon Jul 29 18:03:03 2019
15,19017914,16145178,-0.0051,0.00005,Mon Jul 29 18:03:04 2019
16,18993352,16148828,-0.0051,0.00005,Mon Jul 29 18:03:05 2019
17,19003458,16157700,-0.0051,0.00005,Mon Jul 29 18:03:06 2019
18,19009238,16155610,-0.0051,0.00005,Mon Jul 29 18:03:07 2019
19,19023704,16057034,-0.0051,0.00005,Mon Jul 29 18:03:08 2019
20,19014298,16153002,-0.0051,0.00005,Mon Jul 29 18:03:09 2019
21,19011406,16202728,-0.0051,0.00005,Mon Jul 29 18:03:10 2019
22,19059236,16222178,-0.0051,0.00005,Mon Jul 29 18:03:11 2019
23,19020808,16244314,-0.0051,0.00005,Mon Jul 29 18:03:12 2019
24,19009238,16220600,-0.0051,0.00005,Mon Jul 29 18:03:13 2019
25,19014298,16150914,-0.0051,0.00005,Mon Jul 29 18:03:14 2019
26,19026600,16151958,-0.0051,0.00005,Mon Jul 29 18:03:15 2019
27,19063596,16147264,-0.0051,0.00005,Mon Jul 29 18:03:16 2019
28,19083240,16149350,-0.0051,0.00005,Mon Jul 29 18:03:17 2019
29,19087612,16148306,-0.0051,0.00005,Mon Jul 29 18:03:18 2019
30,19081784,16142050,-0.0051,0.00005,Mon Jul 29 18:03:19 2019
31,19076688,16143092,-0.0051,0.00005,Mon Jul 29 18:03:20 2019
2,18311664,15262982,-0.00498,0.00005,Mon Jul 29 18:06:30 2019
3,18290228,15245296,-0.00498,0.00005,Mon Jul 29 18:06:31 2019
4,18290228,15245296,-0.00498,0.00005,Mon Jul 29 18:06:32 2019
5,18290228,15245296,-0.00498,0.00005,Mon Jul 29 18:06:33 2019
6,18290228,15244832,-0.00498,0.00005,Mon Jul 29 18:06:34 2019
7,18290228,15244832,-0.00498,0.00005,Mon Jul 29 18:06:35 2019
8,18289560,15244832,-0.00498,0.00005,Mon Jul 29 18:06:36 2019
9,18289560,15244368,-0.00498,0.00005,Mon Jul 29 18:06:37 2019
10,18289560,15244368,-0.00498,0.00005,Mon Jul 29 18:06:38 2019
11,18288222,15243438,-0.00498,0.00005,Mon Jul 29 18:06:39 2019
12,18287552,15242972,-0.00498,0.00005,Mon Jul 29 18:06:40 2019
13,18286884,15242972,-0.00498,0.00005,Mon Jul 29 18:06:41 2019
14,18286884,15242972,-0.00498,0.00005,Mon Jul 29 18:06:42 2019
15,18286884,15242508,-0.00498,0.00005,Mon Jul 29 18:06:43 2019
16,18286216,15241580,-0.00498,0.00005,Mon Jul 29 18:06:44 2019
17,18286216,15242044,-0.00498,0.00005,Mon Jul 29 18:06:45 2019
18,18286216,15242044,-0.00498,0.00005,Mon Jul 29 18:06:46 2019
19,18287552,15242972,-0.00498,0.00005,Mon Jul 29 18:06:47 2019
20,18286216,15242044,-0.00498,0.00005,Mon Jul 29 18:06:48 2019
21,18286884,15242044,-0.00498,0.00005,Mon Jul 29 18:06:49 2019
22,18286884,15242044,-0.00498,0.00005,Mon Jul 29 18:06:50 2019
23,18319044,15239256,-0.00498,0.00005,Mon Jul 29 18:06:51 2019
24,18322400,15238328,-0.00498,0.00005,Mon Jul 29 18:06:52 2019
25,18324416,15238792,-0.00498,0.00005,Mon Jul 29 18:06:53 2019
26,18322400,15237864,-0.00498,0.00005,Mon Jul 29 18:06:54 2019
27,18320386,15237864,-0.00498,0.00005,Mon Jul 29 18:06:55 2019
28,18319044,15236934,-0.00498,0.00005,Mon Jul 29 18:06:56 2019
29,18318372,15236934,-0.00498,0.00005,Mon Jul 29 18:06:57 2019
30,18317032,15236470,-0.00498,0.00005,Mon Jul 29 18:06:58 2019
31,18316360,15236006,-0.00498,0.00005,Mon Jul 29 18:06:59 2019
2,18082528,15571958,-0.00045,0.00005,Mon Jul 29 17:57:25 2019
3,18062278,15554518,-0.00045,0.00005,Mon Jul 29 17:57:26 2019
4,18062932,15554518,-0.00045,0.00005,Mon Jul 29 17:57:27 2019
5,18062278,15554518,-0.00045,0.00005,Mon Jul 29 17:57:28 2019
6,18062932,15554518,-0.00045,0.00005,Mon Jul 29 17:57:29 2019
7,18062932,15554034,-0.00045,0.00005,Mon Jul 29 17:57:30 2019
8,18063584,15554518,-0.00045,0.00005,Mon Jul 29 17:57:31 2019
9,18062932,15554034,-0.00045,0.00005,Mon Jul 29 17:57:32 2019
10,18062932,15554034,-0.00045,0.00005,Mon Jul 29 17:57:33 2019
11,18061626,15553068,-0.00045,0.00005,Mon Jul 29 17:57:34 2019
12,18062278,15553550,-0.00045,0.00005,Mon Jul 29 17:57:35 2019
13,18061626,15553550,-0.00045,0.00005,Mon Jul 29 17:57:36 2019
14,18060972,15553068,-0.00045,0.00005,Mon Jul 29 17:57:37 2019
15,18061626,15553550,-0.00045,0.00005,Mon Jul 29 17:57:38 2019
16,18061626,15552584,-0.00045,0.00005,Mon Jul 29 17:57:39 2019
17,18061626,15552584,-0.00045,0.00005,Mon Jul 29 17:57:40 2019
18,18061626,15552100,-0.00045,0.00005,Mon Jul 29 17:57:41 2019
19,18061626,15552584,-0.00045,0.00005,Mon Jul 29 17:57:42 2019
20,18061626,15552100,-0.00045,0.00005,Mon Jul 29 17:57:43 2019
21,18061626,15552584,-0.00045,0.00005,Mon Jul 29 17:57:44 2019
22,18061626,15553068,-0.00045,0.00005,Mon Jul 29 17:57:45 2019
23,18061626,15553068,-0.00045,0.00005,Mon Jul 29 17:57:46 2019
24,18061626,15553068,-0.00045,0.00005,Mon Jul 29 17:57:47 2019
25,18061626,15552584,-0.00045,0.00005,Mon Jul 29 17:57:48 2019
26,18061626,15552584,-0.00045,0.00005,Mon Jul 29 17:57:49 2019
27,18061626,15552584,-0.00045,0.00005,Mon Jul 29 17:57:50 2019
28,18061626,15554518,-0.00045,0.00005,Mon Jul 29 17:57:51 2019
29,18061626,15555002,-0.00045,0.00005,Mon Jul 29 17:57:52 2019
30,18061626,15555002,-0.00045,0.00005,Mon Jul 29 17:57:53 2019
31,18060972,15554518,-0.00045,0.00005,Mon Jul 29 17:57:54 2019
2,18232204,15986700,-0.00045,0.00005,Mon Jul 29 17:51:22 2019
3,18212282,15970360,-0.00045,0.00005,Mon Jul 29 17:51:23 2019
4,18212282,15971380,-0.00045,0.00005,Mon Jul 29 17:51:24 2019
5,18212282,15972400,-0.00045,0.00005,Mon Jul 29 17:51:25 2019
6,18212282,15973930,-0.00045,0.00005,Mon Jul 29 17:51:26 2019
7,18211620,15976482,-0.00045,0.00005,Mon Jul 29 17:51:27 2019
8,18211620,15976994,-0.00045,0.00005,Mon Jul 29 17:51:28 2019
9,18210956,15976482,-0.00045,0.00005,Mon Jul 29 17:51:29 2019
10,18211620,15977504,-0.00045,0.00005,Mon Jul 29 17:51:30 2019
11,18209628,15976994,-0.00045,0.00005,Mon Jul 29 17:51:31 2019
12,18209628,15976994,-0.00045,0.00005,Mon Jul 29 17:51:32 2019
13,18209628,15976994,-0.00045,0.00005,Mon Jul 29 17:51:33 2019
14,18208966,15976994,-0.00045,0.00005,Mon Jul 29 17:51:34 2019
15,18208966,15971890,-0.00045,0.00005,Mon Jul 29 17:51:35 2019
16,18208966,15970870,-0.00045,0.00005,Mon Jul 29 17:51:36 2019
17,18208966,15971380,-0.00045,0.00005,Mon Jul 29 17:51:37 2019
18,18208966,15971380,-0.00045,0.00005,Mon Jul 29 17:51:38 2019
19,18208966,15971890,-0.00045,0.00005,Mon Jul 29 17:51:39 2019
20,18209628,15971890,-0.00045,0.00005,Mon Jul 29 17:51:40 2019
21,18209628,15972400,-0.00045,0.00005,Mon Jul 29 17:51:41 2019
22,18209628,15972400,-0.00045,0.00005,Mon Jul 29 17:51:42 2019
23,18208966,15972400,-0.00045,0.00005,Mon Jul 29 17:51:43 2019
24,18208966,15972910,-0.00045,0.00005,Mon Jul 29 17:51:44 2019
25,18208302,15972400,-0.00045,0.00005,Mon Jul 29 17:51:45 2019
26,18208966,15972400,-0.00045,0.00005,Mon Jul 29 17:51:46 2019
27,18208966,15973420,-0.00045,0.00005,Mon Jul 29 17:51:47 2019
28,18208966,15972910,-0.00045,0.00005,Mon Jul 29 17:51:48 2019
29,18208966,15973420,-0.00045,0.00005,Mon Jul 29 17:51:49 2019
30,18208966,15972910,-0.00045,0.00005,Mon Jul 29 17:51:50 2019
31,18208966,15972400,-0.00045,0.00005,Mon Jul 29 17:51:51 2019
2,18469268,16308956,-0.00045,0.00005,Mon Jul 29 17:54:26 2019
3,18448142,16289828,-0.00045,0.00005,Mon Jul 29 17:54:27 2019
4,18447460,16288768,-0.00045,0.00005,Mon Jul 29 17:54:28 2019
5,18430460,16268098,-0.00045,0.00005,Mon Jul 29 17:54:29 2019
6,18428424,16265982,-0.00045,0.00005,Mon Jul 29 17:54:30 2019
7,18428424,16266510,-0.00045,0.00005,Mon Jul 29 17:54:31 2019
8,18429104,16266510,-0.00045,0.00005,Mon Jul 29 17:54:32 2019
9,18429782,16267040,-0.00045,0.00005,Mon Jul 29 17:54:33 2019
10,18430460,16268098,-0.00045,0.00005,Mon Jul 29 17:54:34 2019
11,18431140,16270746,-0.00045,0.00005,Mon Jul 29 17:54:35 2019
12,18433180,16272334,-0.00045,0.00005,Mon Jul 29 17:54:36 2019
13,18432500,16271274,-0.00045,0.00005,Mon Jul 29 17:54:37 2019
14,18431140,16269686,-0.00045,0.00005,Mon Jul 29 17:54:38 2019
15,18429104,16267568,-0.00045,0.00005,Mon Jul 29 17:54:39 2019
16,18428424,16266510,-0.00045,0.00005,Mon Jul 29 17:54:40 2019
17,18427744,16265452,-0.00045,0.00005,Mon Jul 29 17:54:41 2019
18,18429782,16268628,-0.00045,0.00005,Mon Jul 29 17:54:42 2019
19,18429782,16268628,-0.00045,0.00005,Mon Jul 29 17:54:43 2019
20,18428424,16267040,-0.00045,0.00005,Mon Jul 29 17:54:44 2019
21,18428424,16267040,-0.00045,0.00005,Mon Jul 29 17:54:45 2019
22,18429104,16267568,-0.00045,0.00005,Mon Jul 29 17:54:46 2019
23,18429104,16266510,-0.00045,0.00005,Mon Jul 29 17:54:47 2019
24,18427744,16265452,-0.00045,0.00005,Mon Jul 29 17:54:48 2019
25,18427744,16265452,-0.00045,0.00005,Mon Jul 29 17:54:49 2019
26,18427064,16264924,-0.00045,0.00005,Mon Jul 29 17:54:50 2019
27,18425708,16263336,-0.00045,0.00005,Mon Jul 29 17:54:51 2019
28,18423670,16260692,-0.00045,0.00005,Mon Jul 29 17:54:52 2019
29,18429782,16268098,-0.00045,0.00005,Mon Jul 29 17:54:53 2019
30,18431820,16269686,-0.00045,0.00005,Mon Jul 29 17:54:54 2019
31,18431820,16270216,-0.00045,0.00005,Mon Jul 29 17:54:55 2019
2,18710474,16612400,0,0.00005,Mon Jul 29 17:50:22 2019
3,18695782,16601920,0,0.00005,Mon Jul 29 17:50:23 2019
4,18698578,16605778,0,0.00005,Mon Jul 29 17:50:24 2019
5,18699976,16607434,0,0.00005,Mon Jul 29 17:50:25 2019
6,18699976,16607986,0,0.00005,Mon Jul 29 17:50:26 2019
7,18700676,16608536,0,0.00005,Mon Jul 29 17:50:27 2019
8,18700676,16609088,0,0.00005,Mon Jul 29 17:50:28 2019
9,18701376,16608536,0,0.00005,Mon Jul 29 17:50:29 2019
10,18701376,16608536,0,0.00005,Mon Jul 29 17:50:30 2019
11,18699278,16605778,0,0.00005,Mon Jul 29 17:50:31 2019
12,18699278,16605778,0,0.00005,Mon Jul 29 17:50:32 2019
13,18699278,16606330,0,0.00005,Mon Jul 29 17:50:33 2019
14,18699278,16606882,0,0.00005,Mon Jul 29 17:50:34 2019
15,18700676,16609088,0,0.00005,Mon Jul 29 17:50:35 2019
16,18701376,16610192,0,0.00005,Mon Jul 29 17:50:36 2019
17,18701376,16609640,0,0.00005,Mon Jul 29 17:50:37 2019
18,18702076,16609640,0,0.00005,Mon Jul 29 17:50:38 2019
19,18702076,16610192,0,0.00005,Mon Jul 29 17:50:39 2019
20,18703476,16611296,0,0.00005,Mon Jul 29 17:50:40 2019
21,18703476,16611848,0,0.00005,Mon Jul 29 17:50:41 2019
22,18703476,16612952,0,0.00005,Mon Jul 29 17:50:42 2019
23,18703476,16613504,0,0.00005,Mon Jul 29 17:50:43 2019
24,18703476,16614608,0,0.00005,Mon Jul 29 17:50:44 2019
25,18704174,16613504,0,0.00005,Mon Jul 29 17:50:45 2019
26,18704174,16614608,0,0.00005,Mon Jul 29 17:50:46 2019
27,18704174,16614608,0,0.00005,Mon Jul 29 17:50:47 2019
28,18704174,16615160,0,0.00005,Mon Jul 29 17:50:48 2019
29,18704174,16616264,0,0.00005,Mon Jul 29 17:50:49 2019
30,18704174,16615712,0,0.00005,Mon Jul 29 17:50:50 2019
31,18704174,16616264,0,0.00005,Mon Jul 29 17:50:51 2019
2,18431140,16327596,0,0.00005,Mon Jul 29 17:53:25 2019
3,18410104,16309488,0,0.00005,Mon Jul 29 17:53:26 2019
4,18410104,16309488,0,0.00005,Mon Jul 29 17:53:27 2019
5,18409424,16309488,0,0.00005,Mon Jul 29 17:53:28 2019
6,18410104,16308956,0,0.00005,Mon Jul 29 17:53:29 2019
7,18408070,16307362,0,0.00005,Mon Jul 29 17:53:30 2019
8,18408070,16306298,0,0.00005,Mon Jul 29 17:53:31 2019
9,18408070,16306298,0,0.00005,Mon Jul 29 17:53:32 2019
10,18407392,16305234,0,0.00005,Mon Jul 29 17:53:33 2019
11,18404682,16303108,0,0.00005,Mon Jul 29 17:53:34 2019
12,18403328,16302044,0,0.00005,Mon Jul 29 17:53:35 2019
13,18404004,16302044,0,0.00005,Mon Jul 29 17:53:36 2019
14,18403328,16302044,0,0.00005,Mon Jul 29 17:53:37 2019
15,18403328,16301512,0,0.00005,Mon Jul 29 17:53:38 2019
16,18403328,16301512,0,0.00005,Mon Jul 29 17:53:39 2019
17,18403328,16301512,0,0.00005,Mon Jul 29 17:53:40 2019
18,18402648,16300982,0,0.00005,Mon Jul 29 17:53:41 2019
19,18402648,16300982,0,0.00005,Mon Jul 29 17:53:42 2019
20,18401296,16300982,0,0.00005,Mon Jul 29 17:53:43 2019
21,18401972,16300982,0,0.00005,Mon Jul 29 17:53:44 2019
22,18401972,16301512,0,0.00005,Mon Jul 29 17:53:45 2019
23,18401296,16301512,0,0.00005,Mon Jul 29 17:53:46 2019
24,18401972,16302576,0,0.00005,Mon Jul 29 17:53:47 2019
25,18401972,16302576,0,0.00005,Mon Jul 29 17:53:48 2019
26,18402648,16303108,0,0.00005,Mon Jul 29 17:53:49 2019
27,18402648,16303108,0,0.00005,Mon Jul 29 17:53:50 2019
28,18403328,16303638,0,0.00005,Mon Jul 29 17:53:51 2019
29,18401972,16303108,0,0.00005,Mon Jul 29 17:53:52 2019
30,18401296,16303108,0,0.00005,Mon Jul 29 17:53:53 2019
31,18401296,16303108,0,0.00005,Mon Jul 29 17:53:54 2019
2,18457676,16125912,0,0.00005,Mon Jul 29 17:56:21 2019
3,18437258,16108248,0,0.00005,Mon Jul 29 17:56:22 2019
4,18437936,16108766,0,0.00005,Mon Jul 29 17:56:23 2019
5,18437936,16108766,0,0.00005,Mon Jul 29 17:56:24 2019
6,18437936,16109286,0,0.00005,Mon Jul 29 17:56:25 2019
7,18437936,16108766,0,0.00005,Mon Jul 29 17:56:26 2019
8,18437936,16108766,0,0.00005,Mon Jul 29 17:56:27 2019
9,18437936,16109804,0,0.00005,Mon Jul 29 17:56:28 2019
10,18438616,16110324,0,0.00005,Mon Jul 29 17:56:29 2019
11,18436578,16108248,0,0.00005,Mon Jul 29 17:56:30 2019
12,18436578,16108248,0,0.00005,Mon Jul 29 17:56:31 2019
13,18437258,16109286,0,0.00005,Mon Jul 29 17:56:32 2019
14,18437936,16109804,0,0.00005,Mon Jul 29 17:56:34 2019
15,18437936,16109286,0,0.00005,Mon Jul 29 17:56:35 2019
16,18437936,16109286,0,0.00005,Mon Jul 29 17:56:36 2019
17,18438616,16109804,0,0.00005,Mon Jul 29 17:56:37 2019
18,18438616,16109804,0,0.00005,Mon Jul 29 17:56:38 2019
19,18437936,16109286,0,0.00005,Mon Jul 29 17:56:39 2019
20,18426386,16095284,0,0.00005,Mon Jul 29 17:56:40 2019
21,18420956,16089586,0,0.00005,Mon Jul 29 17:56:41 2019
22,18421634,16090104,0,0.00005,Mon Jul 29 17:56:42 2019
23,18421634,16089586,0,0.00005,Mon Jul 29 17:56:43 2019
24,18420956,16089070,0,0.00005,Mon Jul 29 17:56:44 2019
25,18419598,16086998,0,0.00005,Mon Jul 29 17:56:45 2019
26,18419598,16086480,0,0.00005,Mon Jul 29 17:56:46 2019
27,18418920,16085964,0,0.00005,Mon Jul 29 17:56:47 2019
28,18418240,16084928,0,0.00005,Mon Jul 29 17:56:48 2019
29,18417562,16084410,0,0.00005,Mon Jul 29 17:56:49 2019
30,18417562,16083376,0,0.00005,Mon Jul 29 17:56:50 2019
31,18416206,16082858,0,0.00005,Mon Jul 29 17:56:51 2019
2,18143552,15710920,0,0.00005,Mon Jul 29 17:58:20 2019
3,18122508,15693660,0,0.00005,Mon Jul 29 17:58:21 2019
4,18123820,15693660,0,0.00005,Mon Jul 29 17:58:22 2019
5,18124478,15694152,0,0.00005,Mon Jul 29 17:58:23 2019
6,18123820,15694152,0,0.00005,Mon Jul 29 17:58:24 2019
7,18124478,15694152,0,0.00005,Mon Jul 29 17:58:25 2019
8,18124478,15693660,0,0.00005,Mon Jul 29 17:58:26 2019
9,18123820,15693168,0,0.00005,Mon Jul 29 17:58:27 2019
10,18124478,15693660,0,0.00005,Mon Jul 29 17:58:28 2019
11,18122508,15692182,0,0.00005,Mon Jul 29 17:58:29 2019
12,18122508,15691690,0,0.00005,Mon Jul 29 17:58:30 2019
13,18121852,15691690,0,0.00005,Mon Jul 29 17:58:31 2019
14,18122508,15691690,0,0.00005,Mon Jul 29 17:58:32 2019
15,18123164,15691690,0,0.00005,Mon Jul 29 17:58:33 2019
16,18123164,15691690,0,0.00005,Mon Jul 29 17:58:34 2019
17,18123164,15691690,0,0.00005,Mon Jul 29 17:58:35 2019
18,18123164,15691198,0,0.00005,Mon Jul 29 17:58:36 2019
19,18123164,15691198,0,0.00005,Mon Jul 29 17:58:37 2019
20,18123164,15691198,0,0.00005,Mon Jul 29 17:58:38 2019
21,18123164,15691690,0,0.00005,Mon Jul 29 17:58:39 2019
22,18123164,15691198,0,0.00005,Mon Jul 29 17:58:40 2019
23,18123820,15691198,0,0.00005,Mon Jul 29 17:58:41 2019
24,18123164,15691198,0,0.00005,Mon Jul 29 17:58:42 2019
25,18123820,15691198,0,0.00005,Mon Jul 29 17:58:43 2019
26,18123820,15690704,0,0.00005,Mon Jul 29 17:58:44 2019
27,18123820,15691198,0,0.00005,Mon Jul 29 17:58:45 2019
28,18123820,15690704,0,0.00005,Mon Jul 29 17:58:46 2019
29,18124478,15691198,0,0.00005,Mon Jul 29 17:58:47 2019
30,18123820,15690704,0,0.00005,Mon Jul 29 17:58:48 2019
31,18124478,15691198,0,0.00005,Mon Jul 29 17:58:49 2019
2,18113972,15791800,0,0.00005,Mon Jul 29 17:59:46 2019
3,18092998,15776354,0,0.00005,Mon Jul 29 17:59:47 2019
4,18092344,15776354,0,0.00005,Mon Jul 29 17:59:48 2019
5,18091688,15777848,0,0.00005,Mon Jul 29 17:59:49 2019
6,18091034,15778844,0,0.00005,Mon Jul 29 17:59:50 2019
7,18089724,15777848,0,0.00005,Mon Jul 29 17:59:51 2019
8,18088416,15777350,0,0.00005,Mon Jul 29 17:59:52 2019
9,18088416,15766902,0,0.00005,Mon Jul 29 17:59:53 2019
10,18089070,15762926,0,0.00005,Mon Jul 29 17:59:54 2019
11,18087108,15761434,0,0.00005,Mon Jul 29 17:59:55 2019
12,18087108,15761932,0,0.00005,Mon Jul 29 17:59:56 2019
13,18085800,15761932,0,0.00005,Mon Jul 29 17:59:57 2019
14,18085800,15763422,0,0.00005,Mon Jul 29 17:59:58 2019
15,18085800,15763920,0,0.00005,Mon Jul 29 17:59:59 2019
16,18087108,15766404,0,0.00005,Mon Jul 29 18:00:00 2019
17,18087760,15768892,0,0.00005,Mon Jul 29 18:00:01 2019
18,18087760,15770384,0,0.00005,Mon Jul 29 18:00:02 2019
19,18087108,15771378,0,0.00005,Mon Jul 29 18:00:03 2019
20,18087108,15774862,0,0.00005,Mon Jul 29 18:00:04 2019
21,18086452,15777350,0,0.00005,Mon Jul 29 18:00:05 2019
22,18086452,15779840,0,0.00005,Mon Jul 29 18:00:06 2019
23,18086452,15779840,0,0.00005,Mon Jul 29 18:00:07 2019
24,18086452,15773368,0,0.00005,Mon Jul 29 18:00:08 2019
25,18085800,15769886,0,0.00005,Mon Jul 29 18:00:09 2019
26,18084490,15769886,0,0.00005,Mon Jul 29 18:00:10 2019
27,18084490,15768394,0,0.00005,Mon Jul 29 18:00:11 2019
28,18084490,15770880,0,0.00005,Mon Jul 29 18:00:12 2019
29,18083836,15771876,0,0.00005,Mon Jul 29 18:00:13 2019
30,18083836,15763422,0,0.00005,Mon Jul 29 18:00:14 2019
31,18083836,15761434,0,0.00005,Mon Jul 29 18:00:15 2019
2,18391142,16172332,0,0.00005,Mon Jul 29 18:00:57 2019
3,18370196,16151958,0,0.00005,Mon Jul 29 18:00:58 2019
4,18368846,16177564,0,0.00005,Mon Jul 29 18:00:59 2019
5,18367496,16185420,0,0.00005,Mon Jul 29 18:01:00 2019
6,18366822,16192758,0,0.00005,Mon Jul 29 18:01:01 2019
7,18366148,16193284,0,0.00005,Mon Jul 29 18:01:02 2019
8,18366148,16194332,0,0.00005,Mon Jul 29 18:01:03 2019
9,18366822,16189088,0,0.00005,Mon Jul 29 18:01:04 2019
10,18366148,16182800,0,0.00005,Mon Jul 29 18:01:05 2019
11,18364798,16177564,0,0.00005,Mon Jul 29 18:01:06 2019
12,18364124,16173902,0,0.00005,Mon Jul 29 18:01:07 2019
13,18363448,16171286,0,0.00005,Mon Jul 29 18:01:08 2019
14,18363448,16168148,0,0.00005,Mon Jul 29 18:01:09 2019
15,18362100,16164490,0,0.00005,Mon Jul 29 18:01:10 2019
16,18362100,16163444,0,0.00005,Mon Jul 29 18:01:11 2019
17,18362100,16163444,0,0.00005,Mon Jul 29 18:01:12 2019
18,18360752,16161878,0,0.00005,Mon Jul 29 18:01:13 2019
19,18360752,16131634,0,0.00005,Mon Jul 29 18:01:14 2019
20,18360752,16134236,0,0.00005,Mon Jul 29 18:01:15 2019
21,18360076,16139966,0,0.00005,Mon Jul 29 18:01:16 2019
22,18359404,16141008,0,0.00005,Mon Jul 29 18:01:17 2019
23,18359404,16143614,0,0.00005,Mon Jul 29 18:01:18 2019
24,18358728,16143614,0,0.00005,Mon Jul 29 18:01:19 2019
25,18358056,16144134,0,0.00005,Mon Jul 29 18:01:20 2019
26,18358056,16145178,0,0.00005,Mon Jul 29 18:01:21 2019
27,18356708,16147264,0,0.00005,Mon Jul 29 18:01:22 2019
28,18356032,16148306,0,0.00005,Mon Jul 29 18:01:23 2019
29,18355360,16148828,0,0.00005,Mon Jul 29 18:01:24 2019
30,18354684,16150392,0,0.00005,Mon Jul 29 18:01:25 2019
31,18354012,16149870,0,0.00005,Mon Jul 29 18:01:26 2019
2,18339200,16516914,0,0.00005,Mon Jul 29 18:17:31 2019
3,18319044,16498928,0,0.00005,Mon Jul 29 18:17:32 2019
4,18319716,16498384,0,0.00005,Mon Jul 29 18:17:33 2019
5,18319044,16498384,0,0.00005,Mon Jul 29 18:17:34 2019
6,18319044,16497838,0,0.00005,Mon Jul 29 18:17:35 2019
7,18319044,16497838,0,0.00005,Mon Jul 29 18:17:36 2019
8,18319044,16496750,0,0.00005,Mon Jul 29 18:17:37 2019
9,18318372,16496206,0,0.00005,Mon Jul 29 18:17:38 2019
10,18317702,16495662,0,0.00005,Mon Jul 29 18:17:39 2019
11,18315688,16494030,0,0.00005,Mon Jul 29 18:17:40 2019
12,18315018,16492942,0,0.00005,Mon Jul 29 18:17:41 2019
13,18315018,16492398,0,0.00005,Mon Jul 29 18:17:42 2019
14,18315018,16491854,0,0.00005,Mon Jul 29 18:17:43 2019
15,18314348,16491854,0,0.00005,Mon Jul 29 18:17:44 2019
16,18314348,16491310,0,0.00005,Mon Jul 29 18:17:45 2019
17,18313676,16490766,0,0.00005,Mon Jul 29 18:17:46 2019
18,18314348,16490222,0,0.00005,Mon Jul 29 18:17:47 2019
19,18314348,16490222,0,0.00005,Mon Jul 29 18:17:48 2019
20,18313676,16490222,0,0.00005,Mon Jul 29 18:17:49 2019
21,18313676,16490222,0,0.00005,Mon Jul 29 18:17:50 2019
22,18313676,16490766,0,0.00005,Mon Jul 29 18:17:51 2019
23,18313676,16490222,0,0.00005,Mon Jul 29 18:17:52 2019
24,18313676,16489678,0,0.00005,Mon Jul 29 18:17:53 2019
25,18313676,16489678,0,0.00005,Mon Jul 29 18:17:54 2019
26,18313676,16489134,0,0.00005,Mon Jul 29 18:17:55 2019
27,18313676,16489134,0,0.00005,Mon Jul 29 18:17:56 2019
28,18314348,16489678,0,0.00005,Mon Jul 29 18:17:57 2019
29,18314348,16489678,0,0.00005,Mon Jul 29 18:17:58 2019
30,18313676,16489678,0,0.00005,Mon Jul 29 18:17:59 2019
31,18313004,16489134,0,0.00005,Mon Jul 29 18:18:00 2019
2,18220246,16202728,0,0.00005,Mon Jul 29 18:20:02 2019
3,18199686,16184896,0,0.00005,Mon Jul 29 18:20:03 2019
4,18199686,16185420,0,0.00005,Mon Jul 29 18:20:04 2019
5,18199686,16186468,0,0.00005,Mon Jul 29 18:20:05 2019
6,18199686,16185944,0,0.00005,Mon Jul 29 18:20:06 2019
7,18199686,16186468,0,0.00005,Mon Jul 29 18:20:07 2019
8,18199024,16186468,0,0.00005,Mon Jul 29 18:20:08 2019
9,18199024,16186992,0,0.00005,Mon Jul 29 18:20:09 2019
10,18199686,16188040,0,0.00005,Mon Jul 29 18:20:10 2019
11,18197036,16185944,0,0.00005,Mon Jul 29 18:20:11 2019
12,18196376,16185944,0,0.00005,Mon Jul 29 18:20:12 2019
13,18196376,16185420,0,0.00005,Mon Jul 29 18:20:13 2019
14,18196376,16185420,0,0.00005,Mon Jul 29 18:20:14 2019
15,18195712,16184896,0,0.00005,Mon Jul 29 18:20:15 2019
16,18195712,16185944,0,0.00005,Mon Jul 29 18:20:16 2019
17,18195712,16185944,0,0.00005,Mon Jul 29 18:20:17 2019
18,18195050,16186468,0,0.00005,Mon Jul 29 18:20:18 2019
19,18195712,16186992,0,0.00005,Mon Jul 29 18:20:19 2019
20,18197036,16188564,0,0.00005,Mon Jul 29 18:20:20 2019
21,18197036,16189612,0,0.00005,Mon Jul 29 18:20:21 2019
22,18194388,16188040,0,0.00005,Mon Jul 29 18:20:22 2019
23,18194388,16188040,0,0.00005,Mon Jul 29 18:20:23 2019
24,18194388,16188564,0,0.00005,Mon Jul 29 18:20:24 2019
25,18194388,16188564,0,0.00005,Mon Jul 29 18:20:25 2019
26,18193726,16188564,0,0.00005,Mon Jul 29 18:20:26 2019
27,18193726,16189088,0,0.00005,Mon Jul 29 18:20:27 2019
28,18193064,16189088,0,0.00005,Mon Jul 29 18:20:28 2019
29,18193064,16189612,0,0.00005,Mon Jul 29 18:20:29 2019
30,18192402,16189612,0,0.00005,Mon Jul 29 18:20:30 2019
31,18193064,16190662,0,0.00005,Mon Jul 29 18:20:31 2019
2,18360076,16577150,0,0.00005,Mon Jul 29 18:22:01 2019
3,18339200,16560678,0,0.00005,Mon Jul 29 18:22:02 2019
4,18339874,16563970,0,0.00005,Mon Jul 29 18:22:03 2019
5,18342564,16572206,0,0.00005,Mon Jul 29 18:22:04 2019
6,18358056,16590902,0,0.00005,Mon Jul 29 18:22:05 2019
7,18402648,16649462,0,0.00005,Mon Jul 29 18:22:06 2019
8,18405360,16657782,0,0.00005,Mon Jul 29 18:22:07 2019
9,18406714,16644474,0,0.00005,Mon Jul 29 18:22:08 2019
10,18425708,16636720,0,0.00005,Mon Jul 29 18:22:09 2019
11,18430460,16641150,0,0.00005,Mon Jul 29 18:22:10 2019
12,18404682,16612952,0,0.00005,Mon Jul 29 18:22:11 2019
13,18419598,16628422,0,0.00005,Mon Jul 29 18:22:12 2019
14,18436578,16648908,0,0.00005,Mon Jul 29 18:22:13 2019
15,18406714,16615712,0,0.00005,Mon Jul 29 18:22:14 2019
16,18401972,16610744,0,0.00005,Mon Jul 29 18:22:15 2019
17,18414172,16623446,0,0.00005,Mon Jul 29 18:22:16 2019
18,18422312,16631740,0,0.00005,Mon Jul 29 18:22:17 2019
19,18426386,16636168,0,0.00005,Mon Jul 29 18:22:18 2019
20,18353338,16538766,0,0.00005,Mon Jul 29 18:22:19 2019
21,18403328,16576050,0,0.00005,Mon Jul 29 18:22:20 2019
22,18461764,16638936,0,0.00005,Mon Jul 29 18:22:21 2019
23,18383028,16546976,0,0.00005,Mon Jul 29 18:22:22 2019
24,18432500,16602470,0,0.00005,Mon Jul 29 18:22:23 2019
25,18402648,16567812,0,0.00005,Mon Jul 29 18:22:24 2019
26,18374920,16545334,0,0.00005,Mon Jul 29 18:22:25 2019
27,18374920,16540408,0,0.00005,Mon Jul 29 18:22:26 2019
28,18388436,16545882,0,0.00005,Mon Jul 29 18:22:27 2019
29,18431140,16580448,0,0.00005,Mon Jul 29 18:22:28 2019
30,18484288,16633400,0,0.00005,Mon Jul 29 18:22:29 2019
31,18489072,16636720,0,0.00005,Mon Jul 29 18:22:30 2019
129,18484288,17075336,0,0.00005,Mon Jul 29 18:45:51 2019
130,18603958,17103372,0,0.00005,Mon Jul 29 18:45:52 2019
131,18603958,17105712,0,0.00005,Mon Jul 29 18:45:53 2019
132,18601882,17105712,0,0.00005,Mon Jul 29 18:45:54 2019
133,18600498,17106298,0,0.00005,Mon Jul 29 18:45:55 2019
134,18599806,17108054,0,0.00005,Mon Jul 29 18:45:56 2019
135,18599114,17110980,0,0.00005,Mon Jul 29 18:45:57 2019
136,18597732,17112738,0,0.00005,Mon Jul 29 18:45:58 2019
137,18595656,17113910,0,0.00005,Mon Jul 29 18:45:59 2019
138,18593580,17115668,0,0.00005,Mon Jul 29 18:46:00 2019
139,18592198,17119184,0,0.00005,Mon Jul 29 18:46:01 2019
140,18592198,17125632,0,0.00005,Mon Jul 29 18:46:02 2019
141,18591508,17137960,0,0.00005,Mon Jul 29 18:46:03 2019
142,18590124,17167972,0,0.00005,Mon Jul 29 18:46:04 2019
143,18588052,17189808,0,0.00005,Mon Jul 29 18:46:05 2019
144,18588742,17179768,0,0.00005,Mon Jul 29 18:46:06 2019
145,18588742,17170920,0,0.00005,Mon Jul 29 18:46:07 2019
146,18588052,17173278,0,0.00005,Mon Jul 29 18:46:08 2019
147,18588052,17169740,0,0.00005,Mon Jul 29 18:46:09 2019
148,18587360,17179768,0,0.00005,Mon Jul 29 18:46:10 2019
149,18585978,17187446,0,0.00005,Mon Jul 29 18:46:11 2019
150,18585978,17172688,0,0.00005,Mon Jul 29 18:46:12 2019
151,18585288,17186264,0,0.00005,Mon Jul 29 18:46:13 2019
152,18584596,17187446,0,0.00005,Mon Jul 29 18:46:14 2019
153,18583906,17193356,0,0.00005,Mon Jul 29 18:46:15 2019
154,18583216,17198680,0,0.00005,Mon Jul 29 18:46:16 2019
155,18582524,17204596,0,0.00005,Mon Jul 29 18:46:17 2019
156,18581834,17197496,0,0.00005,Mon Jul 29 18:46:18 2019
157,18581144,17202228,0,0.00005,Mon Jul 29 18:46:19 2019
158,18580452,17206964,0,0.00005,Mon Jul 29 18:46:20 2019
159,18579072,17209926,0,0.00005,Mon Jul 29 18:47:33 2019
160,18570792,17061934,0,0.00005,Mon Jul 29 18:47:34 2019
161,18570102,17063100,0,0.00005,Mon Jul 29 18:47:35 2019
162,18569412,17070672,0,0.00005,Mon Jul 29 18:47:36 2019
163,18569412,17072420,0,0.00005,Mon Jul 29 18:47:37 2019
164,18569412,17074170,0,0.00005,Mon Jul 29 18:47:38 2019
165,18568722,17073004,0,0.00005,Mon Jul 29 18:47:39 2019
166,18568032,17078252,0,0.00005,Mon Jul 29 18:47:40 2019
167,18567344,17085256,0,0.00005,Mon Jul 29 18:47:41 2019
168,18568032,17062516,0,0.00005,Mon Jul 29 18:47:42 2019
169,18568722,17014904,0,0.00005,Mon Jul 29 18:47:43 2019
170,18569412,17010274,0,0.00005,Mon Jul 29 18:47:44 2019
171,18567344,17042162,0,0.00005,Mon Jul 29 18:47:45 2019
172,18561828,17092264,0,0.00005,Mon Jul 29 18:47:46 2019
173,18561828,17096940,0,0.00005,Mon Jul 29 18:47:47 2019
174,18561828,17097524,0,0.00005,Mon Jul 29 18:47:48 2019
175,18561828,17098692,0,0.00005,Mon Jul 29 18:47:49 2019
176,18560452,17098692,0,0.00005,Mon Jul 29 18:47:50 2019
177,18561140,17100448,0,0.00005,Mon Jul 29 18:47:51 2019
178,18561828,17085256,0,0.00005,Mon Jul 29 18:47:52 2019
179,18559762,17059024,0,0.00005,Mon Jul 29 18:47:53 2019
180,18559762,17049136,0,0.00005,Mon Jul 29 18:47:54 2019
181,18558384,17052042,0,0.00005,Mon Jul 29 18:47:55 2019
182,18557008,17053788,0,0.00005,Mon Jul 29 18:47:56 2019
183,18557008,17056114,0,0.00005,Mon Jul 29 18:47:57 2019
184,18557696,17053788,0,0.00005,Mon Jul 29 18:47:58 2019
185,18558384,17057860,0,0.00005,Mon Jul 29 18:47:59 2019
186,18559762,17059024,0,0.00005,Mon Jul 29 18:48:00 2019
187,18559762,17059606,0,0.00005,Mon Jul 29 18:48:01 2019
188,18559762,17061352,0,0.00005,Mon Jul 29 18:48:02 2019
189,18559072,17063100,0,0.00005,Mon Jul 29 18:48:51 2019
190,18306972,16706204,0,0.00005,Mon Jul 29 18:48:52 2019
191,18306300,16703972,0,0.00005,Mon Jul 29 18:48:53 2019
192,18304960,16703414,0,0.00005,Mon Jul 29 18:48:54 2019
193,18304960,16705088,0,0.00005,Mon Jul 29 18:48:55 2019
194,18304960,16705646,0,0.00005,Mon Jul 29 18:48:56 2019
195,18305630,16707880,0,0.00005,Mon Jul 29 18:48:57 2019
196,18306300,16709554,0,0.00005,Mon Jul 29 18:48:58 2019
197,18307640,16710672,0,0.00005,Mon Jul 29 18:48:59 2019
198,18306972,16711230,0,0.00005,Mon Jul 29 18:49:00 2019
199,18305630,16711230,0,0.00005,Mon Jul 29 18:49:01 2019
200,18305630,16712906,0,0.00005,Mon Jul 29 18:49:02 2019
201,18305630,16715140,0,0.00005,Mon Jul 29 18:49:03 2019
202,18306972,16721290,0,0.00005,Mon Jul 29 18:49:04 2019
203,18317702,16711230,0,0.00005,Mon Jul 29 18:49:05 2019
204,18387084,16628422,0,0.00005,Mon Jul 29 18:49:06 2019
205,18378298,16603574,0,0.00005,Mon Jul 29 18:49:07 2019
206,18366822,16884476,0,0.00005,Mon Jul 29 18:49:08 2019
207,18364798,16936520,0,0.00005,Mon Jul 29 18:49:09 2019
208,18364124,16918184,0,0.00005,Mon Jul 29 18:49:10 2019
209,18364124,16885046,0,0.00005,Mon Jul 29 18:49:11 2019
210,18362100,16913604,0,0.00005,Mon Jul 29 18:49:12 2019
211,18360752,16943408,0,0.00005,Mon Jul 29 18:49:13 2019
212,18359404,16975046,0,0.00005,Mon Jul 29 18:49:14 2019
213,18360076,16955474,0,0.00005,Mon Jul 29 18:49:15 2019
99,17880772,16846928,0.00101,0.00005,Mon Jul 29 18:44:56 2019
100,18504812,17050880,0.00101,0.00005,Mon Jul 29 18:44:57 2019
101,18498648,17046228,0.00101,0.00005,Mon Jul 29 18:44:58 2019
102,18497280,17044486,0.00101,0.00005,Mon Jul 29 18:44:59 2019
103,18496596,17041000,0.00101,0.00005,Mon Jul 29 18:45:00 2019
104,18494544,17039840,0.00101,0.00005,Mon Jul 29 18:45:01 2019
105,18493176,17039258,0.00101,0.00005,Mon Jul 29 18:45:02 2019
106,18491124,17038096,0.00101,0.00005,Mon Jul 29 18:45:03 2019
107,18491808,17038676,0.00101,0.00005,Mon Jul 29 18:45:04 2019
108,18492492,17032872,0.00101,0.00005,Mon Jul 29 18:45:05 2019
109,18492492,17030552,0.00101,0.00005,Mon Jul 29 18:45:06 2019
110,18492492,17031132,0.00101,0.00005,Mon Jul 29 18:45:07 2019
111,18491808,17031132,0.00101,0.00005,Mon Jul 29 18:45:08 2019
112,18491124,17031132,0.00101,0.00005,Mon Jul 29 18:45:09 2019
113,18491124,17032292,0.00101,0.00005,Mon Jul 29 18:45:10 2019
114,18490440,17032872,0.00101,0.00005,Mon Jul 29 18:45:11 2019
115,18490440,17032872,0.00101,0.00005,Mon Jul 29 18:45:12 2019
116,18490440,17034032,0.00101,0.00005,Mon Jul 29 18:45:13 2019
117,18490440,17035194,0.00101,0.00005,Mon Jul 29 18:45:14 2019
118,18491124,17036356,0.00101,0.00005,Mon Jul 29 18:45:15 2019
119,18489756,17036936,0.00101,0.00005,Mon Jul 29 18:45:16 2019
120,18490440,17038096,0.00101,0.00005,Mon Jul 29 18:45:17 2019
121,18489756,17038676,0.00101,0.00005,Mon Jul 29 18:45:18 2019
122,18489756,17039840,0.00101,0.00005,Mon Jul 29 18:45:19 2019
123,18488388,17053206,0.00101,0.00005,Mon Jul 29 18:45:20 2019
124,18487022,17059024,0.00101,0.00005,Mon Jul 29 18:45:21 2019
125,18485656,17061934,0.00101,0.00005,Mon Jul 29 18:45:22 2019
126,18486338,17064264,0.00101,0.00005,Mon Jul 29 18:45:23 2019
127,18484288,17084088,0.00101,0.00005,Mon Jul 29 18:45:24 2019
128,18484288,17081168,0.00101,0.00005,Mon Jul 29 18:45:25 2019
70,17881410,16858288,0.00509,0.00005,Mon Jul 29 18:42:47 2019
71,17881410,16857152,0.00509,0.00005,Mon Jul 29 18:42:48 2019
72,17881410,16857152,0.00509,0.00005,Mon Jul 29 18:42:49 2019
73,17881410,16855448,0.00509,0.00005,Mon Jul 29 18:42:50 2019
74,17881410,16853744,0.00509,0.00005,Mon Jul 29 18:42:51 2019
75,17880772,16853176,0.00509,0.00005,Mon Jul 29 18:42:52 2019
76,17881410,16853176,0.00509,0.00005,Mon Jul 29 18:42:53 2019
77,17881410,16853176,0.00509,0.00005,Mon Jul 29 18:42:54 2019
78,17880772,16852608,0.00509,0.00005,Mon Jul 29 18:42:55 2019
79,17880772,16853176,0.00509,0.00005,Mon Jul 29 18:42:56 2019
80,17880772,16852608,0.00509,0.00005,Mon Jul 29 18:42:57 2019
81,17881410,16852040,0.00509,0.00005,Mon Jul 29 18:42:58 2019
82,17881410,16852040,0.00509,0.00005,Mon Jul 29 18:42:59 2019
83,17881410,16852040,0.00509,0.00005,Mon Jul 29 18:43:00 2019
84,17881410,16851472,0.00509,0.00005,Mon Jul 29 18:43:01 2019
85,17880772,16850904,0.00509,0.00005,Mon Jul 29 18:43:02 2019
86,17880132,16850336,0.00509,0.00005,Mon Jul 29 18:43:03 2019
87,17880772,16850904,0.00509,0.00005,Mon Jul 29 18:43:04 2019
88,17880132,16849768,0.00509,0.00005,Mon Jul 29 18:43:05 2019
89,17880132,16849768,0.00509,0.00005,Mon Jul 29 18:43:06 2019
90,17880132,16849200,0.00509,0.00005,Mon Jul 29 18:43:07 2019
91,17880132,16849200,0.00509,0.00005,Mon Jul 29 18:43:08 2019
92,17880772,16849200,0.00509,0.00005,Mon Jul 29 18:43:09 2019
93,17880772,16849200,0.00509,0.00005,Mon Jul 29 18:43:10 2019
94,17880772,16849200,0.00509,0.00005,Mon Jul 29 18:43:11 2019
95,17880132,16848632,0.00509,0.00005,Mon Jul 29 18:43:12 2019
96,17880772,16849200,0.00509,0.00005,Mon Jul 29 18:43:13 2019
97,17880772,16848064,0.00509,0.00005,Mon Jul 29 18:43:14 2019
98,17880132,16848064,0.00509,0.00005,Mon Jul 29 18:43:15 2019
10,17901256,17410076,0.0103,0.00005,Mon Jul 29 18:40:08 2019
11,17899974,17408864,0.0103,0.00005,Mon Jul 29 18:40:09 2019
12,17899974,17409470,0.0103,0.00005,Mon Jul 29 18:40:10 2019
13,17899974,17409470,0.0103,0.00005,Mon Jul 29 18:40:11 2019
14,17899334,17409470,0.0103,0.00005,Mon Jul 29 18:40:12 2019
15,17899334,17408864,0.0103,0.00005,Mon Jul 29 18:40:13 2019
16,17905102,17408864,0.0103,0.00005,Mon Jul 29 18:40:14 2019
17,17903180,17408258,0.0103,0.00005,Mon Jul 29 18:40:15 2019
18,17903820,17408258,0.0103,0.00005,Mon Jul 29 18:40:16 2019
19,17900616,17408864,0.0103,0.00005,Mon Jul 29 18:40:17 2019
20,17900616,17408258,0.0103,0.00005,Mon Jul 29 18:40:18 2019
21,17900616,17408864,0.0103,0.00005,Mon Jul 29 18:40:19 2019
22,17900616,17409470,0.0103,0.00005,Mon Jul 29 18:40:20 2019
23,17907668,17412502,0.0103,0.00005,Mon Jul 29 18:40:21 2019
24,17909592,17418568,0.0103,0.00005,Mon Jul 29 18:40:22 2019
25,17897412,17531556,0.0103,0.00005,Mon Jul 29 18:40:23 2019
26,17886528,17695356,0.0103,0.00005,Mon Jul 29 18:40:24 2019
27,17886528,17707890,0.0103,0.00005,Mon Jul 29 18:40:25 2019
28,17887168,17670342,0.0103,0.00005,Mon Jul 29 18:40:26 2019
29,17894848,17560496,0.0103,0.00005,Mon Jul 29 18:40:27 2019
30,17899974,17509456,0.0103,0.00005,Mon Jul 29 18:40:28 2019
31,17897412,17551864,0.0103,0.00005,Mon Jul 29 18:40:29 2019
32,17894208,17462978,0.0103,0.00005,Mon Jul 29 18:40:30 2019
33,17896772,17729868,0.0103,0.00005,Mon Jul 29 18:40:31 2019
34,17894848,17716674,0.0103,0.00005,Mon Jul 29 18:40:32 2019
35,17894848,17711026,0.0103,0.00005,Mon Jul 29 18:40:33 2019
36,17893568,17709772,0.0103,0.00005,Mon Jul 29 18:40:34 2019
37,17892928,17712280,0.0103,0.00005,Mon Jul 29 18:40:35 2019
38,17892288,17681588,0.0103,0.00005,Mon Jul 29 18:40:36 2019
39,17891648,17675964,0.01031,0.00005,Mon Jul 29 18:40:42 2019
40,17892288,17689096,0.01031,0.00005,Mon Jul 29 18:40:43 2019
41,17892288,17691600,0.01031,0.00005,Mon Jul 29 18:40:44 2019
42,17891648,17692226,0.01031,0.00005,Mon Jul 29 18:40:45 2019
43,17891648,17693478,0.01031,0.00005,Mon Jul 29 18:40:46 2019
44,17892288,17695984,0.01031,0.00005,Mon Jul 29 18:40:47 2019
45,17891648,17699740,0.01031,0.00005,Mon Jul 29 18:40:48 2019
46,17891008,17694730,0.01031,0.00005,Mon Jul 29 18:40:49 2019
47,17891008,17695356,0.01031,0.00005,Mon Jul 29 18:40:50 2019
48,17890368,17694730,0.01031,0.00005,Mon Jul 29 18:40:51 2019
49,17891008,17695984,0.01031,0.00005,Mon Jul 29 18:40:52 2019
50,17891008,17697236,0.01031,0.00005,Mon Jul 29 18:40:53 2019
51,17890368,17699116,0.01031,0.00005,Mon Jul 29 18:40:54 2019
52,17890368,17702874,0.01031,0.00005,Mon Jul 29 18:40:55 2019
53,17890368,17708516,0.01031,0.00005,Mon Jul 29 18:40:56 2019
54,17890368,17710400,0.01031,0.00005,Mon Jul 29 18:40:57 2019
55,17889728,17712280,0.01031,0.00005,Mon Jul 29 18:40:58 2019
56,17890368,17707264,0.01031,0.00005,Mon Jul 29 18:40:59 2019
57,17890368,17707264,0.01031,0.00005,Mon Jul 29 18:41:00 2019
58,17889728,17708516,0.01031,0.00005,Mon Jul 29 18:41:01 2019
59,17889728,17705382,0.01031,0.00005,Mon Jul 29 18:41:02 2019
60,17890368,17703500,0.01031,0.00005,Mon Jul 29 18:41:03 2019
61,17890368,17700994,0.01031,0.00005,Mon Jul 29 18:41:04 2019
62,17890368,17705382,0.01031,0.00005,Mon Jul 29 18:41:05 2019
63,17889728,17707264,0.01031,0.00005,Mon Jul 29 18:41:06 2019
64,17889728,17709144,0.01031,0.00005,Mon Jul 29 18:41:07 2019
65,17890368,17712280,0.01031,0.00005,Mon Jul 29 18:41:08 2019
66,17890368,17715420,0.01031,0.00005,Mon Jul 29 18:41:09 2019
67,17889728,17715420,0.01031,0.00005,Mon Jul 29 18:41:10 2019
68,17889728,17718558,0.01031,0.00005,Mon Jul 29 18:41:11 2019
2,17997264,18867212,0.02069,0.00005,Mon Jul 29 18:35:41 2019
3,17977204,18846588,0.02069,0.00005,Mon Jul 29 18:35:42 2019
4,17976558,18846588,0.02069,0.00005,Mon Jul 29 18:35:43 2019
5,17975912,18846588,0.02069,0.00005,Mon Jul 29 18:35:44 2019
6,17975912,18846588,0.02069,0.00005,Mon Jul 29 18:35:45 2019
7,17977204,18847300,0.02069,0.00005,Mon Jul 29 18:35:46 2019
8,17977204,18846588,0.02069,0.00005,Mon Jul 29 18:35:47 2019
9,17976558,18846588,0.02069,0.00005,Mon Jul 29 18:35:48 2019
10,17976558,18846588,0.02069,0.00005,Mon Jul 29 18:35:49 2019
11,17973972,18845168,0.02069,0.00005,Mon Jul 29 18:35:50 2019
12,17973328,18845168,0.02069,0.00005,Mon Jul 29 18:35:51 2019
13,17973328,18845168,0.02069,0.00005,Mon Jul 29 18:35:52 2019
14,17972036,18845168,0.02069,0.00005,Mon Jul 29 18:35:53 2019
15,17972680,18845878,0.02069,0.00005,Mon Jul 29 18:35:54 2019
16,17972680,18845168,0.02069,0.00005,Mon Jul 29 18:35:55 2019
17,17972036,18845168,0.02069,0.00005,Mon Jul 29 18:35:56 2019
18,17972036,18845878,0.02069,0.00005,Mon Jul 29 18:35:57 2019
19,17972036,18846588,0.02069,0.00005,Mon Jul 29 18:35:58 2019
20,17971388,18845878,0.02069,0.00005,Mon Jul 29 18:35:59 2019
21,17971388,18846588,0.02069,0.00005,Mon Jul 29 18:36:00 2019
22,17970744,18845878,0.02069,0.00005,Mon Jul 29 18:36:01 2019
23,17970744,18846588,0.02069,0.00005,Mon Jul 29 18:36:02 2019
24,17971388,18846588,0.02069,0.00005,Mon Jul 29 18:36:03 2019
25,17971388,18847300,0.02069,0.00005,Mon Jul 29 18:36:04 2019
26,17971388,18846588,0.02069,0.00005,Mon Jul 29 18:36:05 2019
27,17971388,18847300,0.02069,0.00005,Mon Jul 29 18:36:06 2019
28,17972036,18848720,0.02069,0.00005,Mon Jul 29 18:36:07 2019
29,17971388,18848008,0.02069,0.00005,Mon Jul 29 18:36:08 2019
30,17971388,18847300,0.02069,0.00005,Mon Jul 29 18:36:09 2019
31,17972036,18848008,0.02069,0.00005,Mon Jul 29 18:36:10 2019
2,18044678,20116676,0.03066,0.00005,Mon Jul 29 18:32:59 2019
3,18026462,20097270,0.03066,0.00005,Mon Jul 29 18:33:00 2019
4,18026462,20098078,0.03066,0.00005,Mon Jul 29 18:33:01 2019
5,18026462,20099694,0.03066,0.00005,Mon Jul 29 18:33:02 2019
6,18026462,20100502,0.03066,0.00005,Mon Jul 29 18:33:03 2019
7,18027112,20101310,0.03066,0.00005,Mon Jul 29 18:33:04 2019
8,18027112,20101310,0.03066,0.00005,Mon Jul 29 18:33:05 2019
9,18026462,20101310,0.03066,0.00005,Mon Jul 29 18:33:06 2019
10,18026462,20101310,0.03066,0.00005,Mon Jul 29 18:33:07 2019
11,18024512,20101310,0.03066,0.00005,Mon Jul 29 18:33:08 2019
12,18023864,20102118,0.03066,0.00005,Mon Jul 29 18:33:09 2019
13,18023864,20103736,0.03066,0.00005,Mon Jul 29 18:33:10 2019
14,18023864,20103736,0.03066,0.00005,Mon Jul 29 18:33:11 2019
15,18023864,20104544,0.03066,0.00005,Mon Jul 29 18:33:12 2019
16,18023864,20106160,0.03066,0.00005,Mon Jul 29 18:33:13 2019
17,18023864,20106968,0.03066,0.00005,Mon Jul 29 18:33:14 2019
18,18024512,20107776,0.03066,0.00005,Mon Jul 29 18:33:15 2019
19,18023864,20108586,0.03066,0.00005,Mon Jul 29 18:33:16 2019
20,18024512,20108586,0.03066,0.00005,Mon Jul 29 18:33:17 2019
21,18024512,20109396,0.03066,0.00005,Mon Jul 29 18:33:18 2019
22,18025164,20109396,0.03066,0.00005,Mon Jul 29 18:33:19 2019
23,18024512,20108586,0.03066,0.00005,Mon Jul 29 18:33:20 2019
24,18025164,20109396,0.03066,0.00005,Mon Jul 29 18:33:21 2019
25,18025812,20109396,0.03066,0.00005,Mon Jul 29 18:33:22 2019
26,18025164,20110204,0.03066,0.00005,Mon Jul 29 18:33:23 2019
27,18025812,20111820,0.03066,0.00005,Mon Jul 29 18:33:24 2019
28,18025164,20112630,0.03066,0.00005,Mon Jul 29 18:33:25 2019
29,18024512,20113440,0.03066,0.00005,Mon Jul 29 18:33:26 2019
30,18025812,20115058,0.03066,0.00005,Mon Jul 29 18:33:27 2019
31,18025164,20115058,0.03066,0.00005,Mon Jul 29 18:33:28 2019
125,18162004,22386388,0.0507,0.00005,Mon Jul 29 18:29:15 2019
126,18162004,22387392,0.0507,0.00005,Mon Jul 29 18:29:16 2019
127,18161344,22387392,0.0507,0.00005,Mon Jul 29 18:29:17 2019
128,18162004,22388392,0.0507,0.00005,Mon Jul 29 18:29:18 2019
129,18162004,22389396,0.0507,0.00005,Mon Jul 29 18:29:19 2019
130,18161344,22389396,0.0507,0.00005,Mon Jul 29 18:29:20 2019
131,18162004,22389396,0.0507,0.00005,Mon Jul 29 18:29:21 2019
132,18161344,22388392,0.0507,0.00005,Mon Jul 29 18:29:22 2019
133,18161344,22389396,0.0507,0.00005,Mon Jul 29 18:29:23 2019
134,18161344,22389396,0.0507,0.00005,Mon Jul 29 18:29:24 2019
135,18161344,22389396,0.0507,0.00005,Mon Jul 29 18:29:25 2019
136,18161344,22389396,0.0507,0.00005,Mon Jul 29 18:29:26 2019
137,18160684,22390398,0.0507,0.00005,Mon Jul 29 18:29:27 2019
138,18161344,22390398,0.0507,0.00005,Mon Jul 29 18:29:28 2019
139,18161344,22390398,0.0507,0.00005,Mon Jul 29 18:29:29 2019
140,18162004,22390398,0.0507,0.00005,Mon Jul 29 18:29:30 2019
141,18162004,22391400,0.0507,0.00005,Mon Jul 29 18:29:31 2019
142,18161344,22391400,0.0507,0.00005,Mon Jul 29 18:29:32 2019
143,18162004,22392404,0.0507,0.00005,Mon Jul 29 18:29:33 2019
144,18160684,22391400,0.0507,0.00005,Mon Jul 29 18:29:34 2019
145,18161344,22391400,0.0507,0.00005,Mon Jul 29 18:29:35 2019
146,18160684,22391400,0.0507,0.00005,Mon Jul 29 18:29:36 2019
147,18160684,22391400,0.0507,0.00005,Mon Jul 29 18:29:37 2019
148,18160684,22391400,0.0507,0.00005,Mon Jul 29 18:29:38 2019
149,18162004,22392404,0.0507,0.00005,Mon Jul 29 18:29:39 2019
150,18161344,22392404,0.0507,0.00005,Mon Jul 29 18:29:40 2019
151,18161344,22392404,0.0507,0.00005,Mon Jul 29 18:29:41 2019
152,18161344,22392404,0.0507,0.00005,Mon Jul 29 18:29:42 2019
153,18161344,22392404,0.0507,0.00005,Mon Jul 29 18:29:43 2019
154,18161344,22392404,0.0507,0.00005,Mon Jul 29 18:29:46 2019
155,18160684,22392404,0.0507,0.00005,Mon Jul 29 18:29:47 2019
156,18161344,22393408,0.0507,0.00005,Mon Jul 29 18:29:48 2019
157,18161344,22393408,0.0507,0.00005,Mon Jul 29 18:29:49 2019
158,18161344,22393408,0.0507,0.00005,Mon Jul 29 18:29:50 2019
159,18161344,22394410,0.0507,0.00005,Mon Jul 29 18:29:51 2019
160,18161344,22394410,0.0507,0.00005,Mon Jul 29 18:29:52 2019
161,18161344,22393408,0.0507,0.00005,Mon Jul 29 18:29:53 2019
162,18160684,22393408,0.0507,0.00005,Mon Jul 29 18:29:54 2019
163,18161344,22394410,0.0507,0.00005,Mon Jul 29 18:29:55 2019
164,18161344,22394410,0.0507,0.00005,Mon Jul 29 18:29:56 2019
165,18161344,22395412,0.0507,0.00005,Mon Jul 29 18:29:57 2019
166,18161344,22394410,0.0507,0.00005,Mon Jul 29 18:29:58 2019
167,18161344,22394410,0.0507,0.00005,Mon Jul 29 18:29:59 2019
168,18161344,22395412,0.0507,0.00005,Mon Jul 29 18:30:00 2019
169,18162004,22395412,0.0507,0.00005,Mon Jul 29 18:30:01 2019
170,18161344,22395412,0.0507,0.00005,Mon Jul 29 18:30:02 2019
171,18162004,22394410,0.0507,0.00005,Mon Jul 29 18:30:03 2019
172,18162004,22395412,0.0507,0.00005,Mon Jul 29 18:30:04 2019
173,18162004,22395412,0.0507,0.00005,Mon Jul 29 18:30:05 2019
174,18162004,22395412,0.0507,0.00005,Mon Jul 29 18:30:06 2019
175,18162004,22396416,0.0507,0.00005,Mon Jul 29 18:30:07 2019
176,18162664,22397420,0.0507,0.00005,Mon Jul 29 18:30:08 2019
177,18162004,22396416,0.0507,0.00005,Mon Jul 29 18:30:09 2019
178,18162664,22396416,0.0507,0.00005,Mon Jul 29 18:30:10 2019
179,18162664,22396416,0.0507,0.00005,Mon Jul 29 18:30:11 2019
180,18162004,22396416,0.0507,0.00005,Mon Jul 29 18:30:12 2019
181,18162664,22396416,0.0507,0.00005,Mon Jul 29 18:30:13 2019
182,18162664,22396416,0.0507,0.00005,Mon Jul 29 18:30:14 2019
183,18162664,22397420,0.0507,0.00005,Mon Jul 29 18:30:15 2019
2,18184464,22362360,0.0507,0.00005,Mon Jul 29 18:31:21 2019
3,18165964,22339380,0.0507,0.00005,Mon Jul 29 18:31:22 2019
4,18165304,22343372,0.0507,0.00005,Mon Jul 29 18:31:23 2019
5,18165964,22339380,0.0507,0.00005,Mon Jul 29 18:31:24 2019
6,18165964,22340376,0.0507,0.00005,Mon Jul 29 18:31:25 2019
7,18166624,22339380,0.0507,0.00005,Mon Jul 29 18:31:26 2019
8,18165964,22337384,0.0507,0.00005,Mon Jul 29 18:31:27 2019
9,18165304,22337384,0.0507,0.00005,Mon Jul 29 18:31:28 2019
10,18165964,22336384,0.0507,0.00005,Mon Jul 29 18:31:29 2019
11,18163324,22332396,0.0507,0.00005,Mon Jul 29 18:31:30 2019
12,18164644,22337384,0.0507,0.00005,Mon Jul 29 18:31:31 2019
13,18163984,22337384,0.0507,0.00005,Mon Jul 29 18:31:32 2019
14,18163984,22339380,0.0507,0.00005,Mon Jul 29 18:31:33 2019
15,18164644,22349364,0.0507,0.00005,Mon Jul 29 18:31:34 2019
16,18165304,22351364,0.0507,0.00005,Mon Jul 29 18:31:35 2019
17,18163984,22346368,0.0507,0.00005,Mon Jul 29 18:31:36 2019
18,18163984,22346368,0.0507,0.00005,Mon Jul 29 18:31:37 2019
19,18163984,22348366,0.0507,0.00005,Mon Jul 29 18:31:38 2019
20,18164644,22346368,0.0507,0.00005,Mon Jul 29 18:31:39 2019
21,18163984,22345370,0.0507,0.00005,Mon Jul 29 18:31:40 2019
22,18164644,22348366,0.0507,0.00005,Mon Jul 29 18:31:41 2019
23,18164644,22348366,0.0507,0.00005,Mon Jul 29 18:31:42 2019
24,18164644,22348366,0.0507,0.00005,Mon Jul 29 18:31:43 2019
25,18163984,22347368,0.0507,0.00005,Mon Jul 29 18:31:44 2019
26,18164644,22347368,0.0507,0.00005,Mon Jul 29 18:31:45 2019
27,18163324,22346368,0.0507,0.00005,Mon Jul 29 18:31:46 2019
28,18163984,22346368,0.0507,0.00005,Mon Jul 29 18:31:47 2019
29,18163984,22345370,0.0507,0.00005,Mon Jul 29 18:31:48 2019
30,18163984,22344372,0.0507,0.00005,Mon Jul 29 18:31:49 2019
31,18163324,22343372,0.0507,0.00005,Mon Jul 29 18:31:50 2019
65,18339200,23778950,0.0618,0.00005,Mon Jul 29 18:25:36 2019
66,18339874,23776688,0.0618,0.00005,Mon Jul 29 18:25:37 2019
67,18339200,23763128,0.0618,0.00005,Mon Jul 29 18:25:38 2019
68,18339874,23758612,0.0618,0.00005,Mon Jul 29 18:25:39 2019
69,18339200,23760870,0.0618,0.00005,Mon Jul 29 18:25:40 2019
70,18339200,23762000,0.0618,0.00005,Mon Jul 29 18:25:41 2019
71,18339200,23763128,0.0618,0.00005,Mon Jul 29 18:25:42 2019
72,18339874,23762000,0.0618,0.00005,Mon Jul 29 18:25:43 2019
73,18338528,23758612,0.0618,0.00005,Mon Jul 29 18:25:44 2019
74,18339200,23762000,0.0618,0.00005,Mon Jul 29 18:25:45 2019
75,18338528,23763128,0.0618,0.00005,Mon Jul 29 18:25:46 2019
76,18338528,23762000,0.0618,0.00005,Mon Jul 29 18:25:47 2019
77,18338528,23754096,0.0618,0.00005,Mon Jul 29 18:25:48 2019
78,18338528,23751840,0.0618,0.00005,Mon Jul 29 18:25:49 2019
79,18338528,23749584,0.0618,0.00005,Mon Jul 29 18:25:50 2019
80,18338528,23748456,0.0618,0.00005,Mon Jul 29 18:25:51 2019
81,18337856,23746200,0.0618,0.00005,Mon Jul 29 18:25:52 2019
82,18338528,23746200,0.0618,0.00005,Mon Jul 29 18:25:53 2019
83,18338528,23746200,0.0618,0.00005,Mon Jul 29 18:25:54 2019
84,18338528,23745072,0.0618,0.00005,Mon Jul 29 18:25:55 2019
85,18337856,23741690,0.0618,0.00005,Mon Jul 29 18:25:56 2019
86,18337856,23741690,0.0618,0.00005,Mon Jul 29 18:25:57 2019
87,18338528,23739436,0.0618,0.00005,Mon Jul 29 18:25:58 2019
88,18337184,23736056,0.0618,0.00005,Mon Jul 29 18:25:59 2019
89,18336512,23734928,0.0618,0.00005,Mon Jul 29 18:26:00 2019
90,18336512,23732676,0.0618,0.00005,Mon Jul 29 18:26:01 2019
91,18337184,23734928,0.0618,0.00005,Mon Jul 29 18:26:02 2019
92,18336512,23738308,0.0618,0.00005,Mon Jul 29 18:26:03 2019
93,18337184,23738308,0.0618,0.00005,Mon Jul 29 18:26:04 2019
94,18337184,23738308,0.0618,0.00005,Mon Jul 29 18:26:16 2019
95,18335840,23707918,0.0618,0.00005,Mon Jul 29 18:26:17 2019
96,18336512,23704546,0.0618,0.00005,Mon Jul 29 18:26:18 2019
97,18336512,23706794,0.0618,0.00005,Mon Jul 29 18:26:19 2019
98,18336512,23706794,0.0618,0.00005,Mon Jul 29 18:26:20 2019
99,18336512,23704546,0.0618,0.00005,Mon Jul 29 18:26:21 2019
100,18336512,23703422,0.0618,0.00005,Mon Jul 29 18:26:22 2019
101,18334494,23701176,0.0618,0.00005,Mon Jul 29 18:26:23 2019
102,18335166,23700052,0.0618,0.00005,Mon Jul 29 18:26:24 2019
103,18333822,23700052,0.0618,0.00005,Mon Jul 29 18:26:25 2019
104,18333822,23700052,0.0618,0.00005,Mon Jul 29 18:26:26 2019
105,18333822,23697804,0.0618,0.00005,Mon Jul 29 18:26:27 2019
106,18334494,23696682,0.0618,0.00005,Mon Jul 29 18:26:28 2019
107,18334494,23694436,0.0618,0.00005,Mon Jul 29 18:26:29 2019
108,18333150,23691068,0.0618,0.00005,Mon Jul 29 18:26:30 2019
109,18335166,23691068,0.0618,0.00005,Mon Jul 29 18:26:31 2019
110,18334494,23689944,0.0618,0.00005,Mon Jul 29 18:26:32 2019
111,18335166,23689944,0.0618,0.00005,Mon Jul 29 18:26:33 2019
112,18335166,23689944,0.0618,0.00005,Mon Jul 29 18:26:34 2019
113,18335166,23689944,0.0618,0.00005,Mon Jul 29 18:26:35 2019
114,18335166,23689944,0.0618,0.00005,Mon Jul 29 18:26:36 2019
115,18334494,23687700,0.0618,0.00005,Mon Jul 29 18:26:37 2019
116,18334494,23688824,0.0618,0.00005,Mon Jul 29 18:26:38 2019
117,18334494,23687700,0.0618,0.00005,Mon Jul 29 18:26:39 2019
118,18334494,23688824,0.0618,0.00005,Mon Jul 29 18:26:40 2019
119,18335166,23688824,0.0618,0.00005,Mon Jul 29 18:26:41 2019
120,18334494,23688824,0.0618,0.00005,Mon Jul 29 18:26:42 2019
121,18334494,23689944,0.0618,0.00005,Mon Jul 29 18:26:43 2019
122,18335166,23688824,0.0618,0.00005,Mon Jul 29 18:26:44 2019
123,18335166,23688824,0.0618,0.00005,Mon Jul 29 18:26:45 2019
2,18763838,26243964,0.0816,0.00005,Mon Jul 29 18:23:27 2019
3,18745548,26220568,0.0816,0.00005,Mon Jul 29 18:23:28 2019
4,18742034,26223316,0.0816,0.00005,Mon Jul 29 18:23:29 2019
5,18739928,26227444,0.0816,0.00005,Mon Jul 29 18:23:30 2019
6,18739224,26224692,0.0816,0.00005,Mon Jul 29 18:23:31 2019
7,18737820,26219192,0.0816,0.00005,Mon Jul 29 18:23:32 2019
8,18737820,26220568,0.0816,0.00005,Mon Jul 29 18:23:33 2019
9,18738522,26226068,0.0816,0.00005,Mon Jul 29 18:23:34 2019
10,18739224,26227444,0.0816,0.00005,Mon Jul 29 18:23:35 2019
11,18737820,26227444,0.0816,0.00005,Mon Jul 29 18:23:36 2019
12,18737820,26226068,0.0816,0.00005,Mon Jul 29 18:23:37 2019
13,18738522,26226068,0.0816,0.00005,Mon Jul 29 18:23:38 2019
14,18738522,26223316,0.0816,0.00005,Mon Jul 29 18:23:39 2019
15,18738522,26224692,0.0816,0.00005,Mon Jul 29 18:23:40 2019
16,18746952,26232948,0.0816,0.00005,Mon Jul 29 18:23:41 2019
17,18744844,26232948,0.0816,0.00005,Mon Jul 29 18:23:42 2019
18,18741332,26235700,0.0816,0.00005,Mon Jul 29 18:23:43 2019
19,18744142,26239832,0.0816,0.00005,Mon Jul 29 18:23:44 2019
20,18742736,26239832,0.0816,0.00005,Mon Jul 29 18:23:45 2019
21,18741332,26234324,0.0816,0.00005,Mon Jul 29 18:23:46 2019
22,18742736,26230196,0.0816,0.00005,Mon Jul 29 18:23:47 2019
23,18747656,26234324,0.0816,0.00005,Mon Jul 29 18:23:48 2019
24,18749062,26235700,0.0816,0.00005,Mon Jul 29 18:23:49 2019
25,18749062,26235700,0.0816,0.00005,Mon Jul 29 18:23:50 2019
26,18746250,26232948,0.0816,0.00005,Mon Jul 29 18:23:51 2019
27,18740628,26231572,0.0816,0.00005,Mon Jul 29 18:23:52 2019
28,18742736,26231572,0.0816,0.00005,Mon Jul 29 18:23:53 2019
29,18743440,26227444,0.0816,0.00005,Mon Jul 29 18:23:54 2019
30,18746250,26226068,0.0816,0.00005,Mon Jul 29 18:23:55 2019
33,18744844,26223316,0.0826,0.00005,Mon Jul 29 18:23:58 2019
34,18744844,26221942,0.0826,0.00005,Mon Jul 29 18:23:59 2019
35,18742034,26221942,0.0826,0.00005,Mon Jul 29 18:24:00 2019
36,18743440,26221942,0.0826,0.00005,Mon Jul 29 18:24:01 2019
37,18738522,26223316,0.0826,0.00005,Mon Jul 29 18:24:02 2019
38,18736416,26224692,0.0826,0.00005,Mon Jul 29 18:24:03 2019
39,18741332,26228820,0.0826,0.00005,Mon Jul 29 18:24:04 2019
40,18740628,26231572,0.0826,0.00005,Mon Jul 29 18:24:05 2019
41,18739928,26230196,0.0826,0.00005,Mon Jul 29 18:24:06 2019
42,18738522,26226068,0.0826,0.00005,Mon Jul 29 18:24:07 2019
43,18737820,26221942,0.0826,0.00005,Mon Jul 29 18:24:08 2019
44,18739224,26223316,0.0826,0.00005,Mon Jul 29 18:24:09 2019
45,18742736,26226068,0.0826,0.00005,Mon Jul 29 18:24:10 2019
46,18744844,26226068,0.0826,0.00005,Mon Jul 29 18:24:11 2019
47,18746952,26227444,0.0826,0.00005,Mon Jul 29 18:24:12 2019
48,18748360,26227444,0.0826,0.00005,Mon Jul 29 18:24:13 2019
49,18749062,26227444,0.0826,0.00005,Mon Jul 29 18:24:14 2019
50,18749062,26224692,0.0826,0.00005,Mon Jul 29 18:24:15 2019
51,18750468,26223316,0.0826,0.00005,Mon Jul 29 18:24:16 2019
52,18749764,26223316,0.0826,0.00005,Mon Jul 29 18:24:17 2019
53,18751172,26224692,0.0826,0.00005,Mon Jul 29 18:24:18 2019
54,18749062,26220568,0.0826,0.00005,Mon Jul 29 18:24:19 2019
55,18753280,26228820,0.0826,0.00005,Mon Jul 29 18:24:20 2019
56,18749764,26232948,0.0826,0.00005,Mon Jul 29 18:24:21 2019
57,18742034,26230196,0.0826,0.00005,Mon Jul 29 18:24:22 2019
58,18741332,26226068,0.0826,0.00005,Mon Jul 29 18:24:23 2019
59,18740628,26223316,0.0826,0.00005,Mon Jul 29 18:24:24 2019
60,18741332,26223316,0.0826,0.00005,Mon Jul 29 18:24:25 2019
61,18741332,26227444,0.0826,0.00005,Mon Jul 29 18:24:26 2019
62,18741332,26230196,0.0826,0.00005,Mon Jul 29 18:24:27 2019
